{
  "resourceType" : "Patient",
  "id" : "PatientExample",
  "meta" : {
    "profile" : ["http://example.org/StructureDefinition/PTPatient"]
  },
  "language" : "es",
  "text" : {
    "status" : "generated",
    "div" : "<div xml:lang=\"es\" lang=\"es\"><hr/><p><b>Spanish</b></p><hr/><p class=\"res-header-id\"><b>Generated Narrative: Paciente PatientExample</b></p><a name=\"es-PatientExample\"> </a><a name=\"es-hcPatientExample\"> </a><div style=\"display: inline-block; background-color: #d9e0e7; padding: 6px; margin: 4px; border: 1px solid #8da1b4; border-radius: 5px; line-height: 60%\"><p style=\"margin-bottom: 0px\">Language: en</p><p style=\"margin-bottom: 0px\">Profile: <a href=\"StructureDefinition-PTPatient.html\">PTPatient</a></p></div><p style=\"border: 1px #661aff solid; background-color: #e6e6ff; padding: 10px;\">James Pond  (no stated gender), DoB Unknown ( 007)</p><hr/></div>"
  },
  "identifier" : [{
    "value" : "007"
  }],
  "name" : [{
    "family" : "Pond",
    "given" : ["James"]
  }]
}